material_id,cpse,original_code,description,category,item_type,material,grade,size,specification,quantity
B101,BHEL,16MM SS 316 HEXAGON BOLT 50L,16 MM SS 316 HEXAGON BOLT 50 LENGTH,Fastener,Hex Bolt,Stainless Steel,316,M16,50 mm,18
B102,BHEL,6205-2RS-DEEP-GROOVE-BRG,6205 2RS DEEP GROOVE BALL BRG,Bearing,Deep Groove Ball Bearing,Steel,,6205,2RS,11
B103,BHEL,VITON-MECH-SEAL-DN50,VITON MECHANICAL SEAL DN50,Seal,Mechanical Seal,Viton,,DN50,,4
B104,BHEL,CS-PIPE-50MM-SCH40,CARBON STEEL PIPE 50MM SCH40,Pipe,Seamless Pipe,Carbon Steel,,50 mm,Sch 40,10
B105,BHEL,GATE-VLV-80MM-CL150,80MM GATE VALVE CARBON STEEL CLASS 150,Valve,Gate Valve,Carbon Steel,,80 mm,Class 150,5
B106,BHEL,HEX-NUT-M16-SS-316,HEXAGON NUT 16MM SS316,Fastener,Hex Nut,Stainless Steel,316,M16,,35
B107,BHEL,SWG-DN50-SS316,DN50 SPIRAL WOUND SS316 GASKET,Gasket,Spiral Wound Gasket,Stainless Steel,316,DN50,,9
B108,BHEL,POWER-CABLE-4C-16SQMM-XLPE,4 CORE 16MM2 XLPE POWER CABLE,Electrical,Power Cable,Copper,,4C x 16 sq mm,,80
B109,BHEL,WN-FLG-50MM-CL150,50MM WELD NECK FLANGE CLASS 150,Flange,Weld Neck Flange,Carbon Steel,,50 mm,Class 150,13
B110,BHEL,SS316-M16X100-HEX-BOLT,M16 X 100 HEX BOLT SS316,Fastener,Hex Bolt,Stainless Steel,316,M16,100 mm,22
